{
    "audio": {
        "mp3_high": {
            "container": "mp3",
            "audio": {
                "codec": "libmp3lame",
                "bitrate": "320k",
                "sample_rate": "44100",
                "channels": "2",
                "audio_speed": "1x"
            }
        },
        "aac_high": {
            "container": "m4a",
            "audio": {
                "codec": "aac",
                "bitrate": "256k",
                "sample_rate": "48000",
                "channels": "2",
                "audio_speed": "1x"
            }
        },
        "flac_lossless": {
            "container": "flac",
            "audio": {
                "codec": "flac",
                "bitrate": "copy",
                "sample_rate": "copy",
                "channels": "copy",
                "audio_speed": "1x"
            }
        }
    },
    "video": {
        "youtube_4k": {
            "container": "mp4",
            "video": {
                "codec": "libx264",
                "resolution": "3840x2160",
                "bitrate": "copy",
                "crf": "18",
                "fps": "30",
                "pixel_format": "yuv420p",
                "gop": "60",
                "preset": "slow",
                "tune": "film",
                "speed_control": "1x"
            },
            "audio": {
                "codec": "aac",
                "bitrate": "192k",
                "sample_rate": "48000",
                "channels": "2",
                "audio_speed": "1x"
            }
        },
        "youtube_1080p": {
            "container": "mp4",
            "video": {
                "codec": "libx264",
                "resolution": "1920x1080",
                "bitrate": "copy",
                "crf": "21",
                "fps": "30",
                "pixel_format": "yuv420p",
                "gop": "60",
                "preset": "slow",
                "tune": "film",
                "speed_control": "1x"
            },
            "audio": {
                "codec": "aac",
                "bitrate": "128k",
                "sample_rate": "48000",
                "channels": "2",
                "audio_speed": "1x"
            }
        },
        "h264_web_optimized": {
            "container": "mp4",
            "video": {
                "codec": "libx264",
                "resolution": "1920x1080",
                "bitrate": "2M",
                "crf": "23",
                "fps": "30",
                "pixel_format": "yuv420p",
                "gop": "60",
                "preset": "medium",
                "tune": "film",
                "speed_control": "1x"
            },
            "audio": {
                "codec": "aac",
                "bitrate": "192k",
                "sample_rate": "48000",
                "channels": "2",
                "audio_speed": "1x"
            }
        },
        "h265_4k": {
            "container": "mp4",
            "video": {
                "codec": "libx265",
                "resolution": "3840x2160",
                "bitrate": "8M",
                "crf": "28",
                "fps": "60",
                "pixel_format": "yuv420p",
                "gop": "60",
                "preset": "slow",
                "tune": "film",
                "speed_control": "1x"
            },
            "audio": {
                "codec": "aac",
                "bitrate": "320k",
                "sample_rate": "48000",
                "channels": "2",
                "audio_speed": "1x"
            }
        },
        "Faster": {
            "container": "mov",
            "video": {
                "codec": "libx264",
                "resolution": "720x1280",
                "bitrate": "copy",
                "crf": "23",
                "fps": "25",
                "pixel_format": "yuv420p",
                "gop": "60",
                "preset": "medium",
                "tune": "film",
                "speed_control": "1.75x"
            },
            "audio": {
                "codec": "aac",
                "bitrate": "192k",
                "sample_rate": "48000",
                "channels": "2",
                "audio_speed": "1.75x"
            }
        }
    },
    "schema": {
        "video_codecs": [
            "copy",
            "libx264",
            "libx265",
            "libvpx-vp9",
            "mpeg4",
            "prores"
        ],
        "resolutions": [
            "copy",
            "3840x2160",
            "2560x1440",
            "1920x1080",
            "1280x720",
            "854x480",
            "640x360"
        ],
        "video_bitrates": [
            "copy",
            "1M",
            "2M",
            "4M",
            "6M",
            "8M",
            "10M",
            "12M",
            "15M",
            "20M"
        ],
        "crf_values": [
            "copy",
            "16",
            "17",
            "18",
            "19",
            "20",
            "21",
            "22",
            "23",
            "24",
            "25",
            "26",
            "27",
            "28"
        ],
        "framerates": [
            "copy",
            "23.976",
            "24",
            "25",
            "29.97",
            "30",
            "48",
            "50",
            "59.94",
            "60"
        ],
        "pixel_formats": [
            "copy",
            "yuv420p",
            "yuv422p",
            "yuv444p",
            "rgb24",
            "yuv420p10le",
            "yuv422p10le"
        ],
        "gop_sizes": [
            "copy",
            "30",
            "60",
            "120"
        ],
        "presets": [
            "copy",
            "ultrafast",
            "superfast",
            "veryfast",
            "faster",
            "fast",
            "medium",
            "slow",
            "slower",
            "veryslow",
            "placebo"
        ],
        "tune_options": [
            "copy",
            "film",
            "animation",
            "grain",
            "stillimage",
            "fastdecode",
            "zerolatency"
        ],
        "speed_controls": [
            "copy",
            "0.25x",
            "0.5x",
            "0.75x",
            "1x",
            "1.25x",
            "1.5x",
            "1.75x",
            "2x",
            "4x",
            "10x"
        ],
        "audio_codecs": [
            "copy",
            "aac",
            "libmp3lame",
            "flac",
            "opus",
            "pcm_s16le",
            "pcm_s24le",
            "vorbis"
        ],
        "audio_bitrates": [
            "copy",
            "96k",
            "128k",
            "160k",
            "192k",
            "224k",
            "256k",
            "320k",
            "384k",
            "448k",
            "512k"
        ],
        "sample_rates": [
            "copy",
            "22050",
            "32000",
            "44100",
            "48000",
            "88200",
            "96000"
        ],
        "channel_layouts": [
            "copy",
            "1",
            "2",
            "2.1",
            "3",
            "4",
            "5.0",
            "5.1",
            "6.1",
            "7.1"
        ],
        "audio_speeds": [
            "copy",
            "0.25x",
            "0.5x",
            "0.75x",
            "1x",
            "1.25x",
            "1.5x",
            "1.75x",
            "2x",
            "4x"
        ],
        "containers": [
            "mp4",
            "mkv",
            "mov",
            "webm",
            "avi",
            "ts",
            "mxf",
            "mp3",
            "m4a",
            "flac",
            "wav",
            "ogg"
        ]
    }
}